east,0525-10-11 16:49:51,3,7,9,3,6,6,4,8
person,0113-02-04 11:05:43,6,6,6,5,1,4,3,6
place,1416-03-31 08:47:17,2,9,3,5,6,4,2,8
wear,1305-08-29 09:46:01,8,7,2,1,7,5,1,4
occur,1759-04-19 01:11:46,5,7,4,4,3,4,1,3
knowledge,0184-01-02 11:48:22,8,5,9,9,5,6,9,5
myself,1662-05-14 14:19:04,9,9,2,2,4,4,7,1
our,1752-03-15 09:26:08,4,2,7,9,4,1,3,5
despite,0745-04-11 01:25:38,5,1,7,9,9,4,4,9
thousand,1229-06-19 23:36:05,8,4,8,1,1,7,3,6
role,0395-03-15 07:44:18,2,2,1,6,9,8,7,8
environmental,0652-08-22 05:31:42,6,2,4,3,3,7,9,4
against,0049-09-14 11:01:22,3,6,5,3,1,7,6,8
phone,0047-01-06 00:06:40,1,8,2,2,1,4,8,8
call,0315-09-19 13:13:38,3,2,5,3,9,2,9,2
religious,0320-08-09 12:32:18,9,6,8,3,9,3,6,6
then,0326-05-17 11:00:22,3,7,4,3,9,9,7,9
school,1614-10-06 05:37:51,3,8,9,4,6,5,1,9
later,1673-05-08 21:56:20,8,6,5,9,9,4,3,9
prevent,0175-09-28 01:28:54,7,4,7,5,1,1,8,1
computer,1766-03-06 16:40:06,2,3,6,3,3,5,8,4
development,1537-01-26 01:34:25,5,8,7,4,8,7,3,7
group,1991-02-13 09:38:59,5,2,3,4,7,9,9,4
once,1857-04-03 00:59:20,2,8,4,3,4,1,1,4
five,0852-08-27 00:18:34,2,7,4,1,7,9,6,6
college,1921-11-10 14:30:19,5,6,8,6,4,4,4,8
technology,0960-03-13 07:42:23,9,8,4,3,7,4,8,1
out,0029-04-07 19:26:04,1,7,8,2,4,6,2,1
hot,1797-08-09 07:29:16,4,9,8,9,4,3,4,8
value,1364-11-28 22:33:15,3,7,5,8,3,4,2,5
Mrs,0864-04-15 11:04:09,8,5,2,9,2,8,3,8
site,0987-02-19 13:21:55,9,1,1,5,6,7,6,5
may,0453-02-18 03:59:51,1,9,7,9,7,2,5,1
forget,1530-12-05 00:05:24,1,4,9,6,5,3,4,7
commercial,1932-03-31 20:56:52,6,1,3,4,2,6,9,1
instead,0292-06-06 22:09:59,1,8,8,2,7,5,7,9
first,1091-02-12 00:11:57,1,3,4,2,2,9,2,5
set,1918-02-08 22:18:00,2,7,4,6,7,7,8,4
hold,1428-04-04 22:53:36,9,1,4,6,1,5,3,7
only,0174-12-18 13:07:51,2,7,3,5,1,4,5,5
live,1026-02-06 00:13:31,5,3,4,3,9,1,2,7
team,0414-10-13 00:53:04,7,3,3,8,9,2,9,9
than,0641-03-06 04:35:48,2,1,1,1,4,5,3,8
friend,0926-04-21 14:18:07,8,9,5,5,3,5,7,6
own,1050-03-29 11:29:24,4,3,6,4,1,5,8,3
table,1141-07-06 20:21:59,3,1,9,9,8,6,9,8
scene,1354-12-20 13:16:50,8,8,8,1,2,4,6,9
everything,1306-05-24 12:15:25,8,2,1,5,7,8,1,8
side,0049-09-14 11:01:22,1,6,1,8,9,7,2,5
same,0631-01-21 19:16:06,2,2,2,8,1,3,9,3
parent,1928-05-22 18:08:11,3,6,1,4,3,8,1,1
season,1995-03-27 12:08:33,8,9,4,7,9,6,3,2
stage,1789-02-08 03:45:12,4,5,1,2,8,1,1,7
could,1169-10-10 05:05:16,5,9,3,8,8,4,8,5
respond,0335-11-24 02:16:03,6,6,7,7,6,4,2,3
police,1738-07-10 19:49:41,2,9,8,8,4,6,5,3
when,1757-10-21 00:22:45,1,4,3,4,7,3,8,1
such,0767-05-25 14:49:26,9,6,9,5,7,1,7,8
something,1054-07-19 05:41:50,7,6,5,3,4,4,8,3
about,1221-07-18 19:26:05,8,6,4,3,2,6,2,2
movie,0133-10-19 02:54:53,5,4,6,8,6,1,9,1
thank,0526-09-24 07:50:03,8,7,1,9,8,1,5,6
American,1501-05-23 13:02:10,1,9,5,5,8,7,7,3
paper,1799-11-27 23:05:24,9,4,3,1,3,2,6,7
ok,0094-01-11 06:19:41,3,6,4,8,9,8,8,2
industry,1928-05-22 18:08:11,9,6,8,7,7,5,7,3
discover,0697-05-13 23:11:16,3,6,4,8,3,4,8,5
boy,1915-12-10 06:29:49,7,5,3,9,2,6,9,7
song,0282-06-13 09:19:08,6,9,2,9,1,2,4,6
treat,1450-02-08 08:57:20,4,4,5,8,6,7,8,2
protect,0381-06-13 00:57:17,1,6,2,6,1,2,2,6
eight,0466-12-31 00:32:51,9,6,5,1,8,4,7,6
modern,1826-03-18 21:13:54,3,5,3,7,9,1,8,4
look,0165-05-14 11:52:10,7,9,7,2,9,4,7,4
black,1049-03-13 20:41:57,7,9,2,1,5,7,1,7
ready,0841-05-09 20:10:18,8,9,6,3,6,2,9,8
guess,1781-02-01 19:04:59,7,2,4,5,6,7,4,2
push,1942-09-28 16:37:20,5,6,9,2,9,2,8,5
employee,1983-03-30 09:48:12,8,8,5,3,3,5,3,1
impact,1378-08-14 01:02:25,7,1,5,1,3,4,2,6
piece,0651-06-18 11:42:15,4,1,5,4,4,2,9,7
play,1489-02-01 10:16:44,6,6,1,1,9,6,8,4
research,0386-04-22 00:12:42,5,9,7,7,7,1,2,3
great,0826-11-12 00:25:44,7,4,7,8,9,1,9,3
or,0750-06-03 23:23:03,3,3,5,7,4,9,7,4
region,0115-06-01 17:23:30,3,5,7,4,2,8,8,2
amount,1311-03-04 21:38:20,8,3,8,9,7,6,9,6
everyone,1603-11-16 04:24:44,2,8,7,3,3,1,8,3
hand,1866-07-09 23:45:05,1,1,9,4,3,6,8,6
exactly,0846-05-03 08:24:00,1,6,9,3,7,7,5,3
information,0962-11-03 22:48:56,3,9,2,5,4,6,4,8
should,0798-01-23 15:12:05,3,5,7,2,9,5,6,5
public,1316-06-07 15:30:39,1,3,1,4,7,1,9,3
different,0584-01-26 07:27:28,4,7,4,2,7,7,8,9
concern,0174-12-30 09:45:29,2,6,7,2,3,4,3,1
collection,1490-12-15 21:14:27,1,9,5,4,4,2,2,9
chance,0123-11-22 17:11:51,1,4,7,4,2,9,3,3
example,1960-06-12 20:51:47,1,7,9,6,7,5,3,2
article,1226-08-02 14:50:25,1,3,5,7,2,4,4,1
purpose,0670-03-26 19:31:59,7,7,3,4,6,5,1,8
risk,0150-11-20 07:09:30,5,2,7,1,3,8,9,6
here,0215-02-23 08:54:14,5,6,2,4,3,2,4,5
history,0651-06-18 11:42:15,8,6,9,2,3,7,1,5
remember,1108-02-13 22:06:04,9,6,1,6,4,7,7,2
pretty,0292-08-11 00:33:50,2,9,9,7,6,9,3,3
turn,1555-12-27 20:53:05,7,3,2,6,3,3,1,9
perhaps,1102-08-03 06:02:01,2,5,9,4,5,3,3,6
tell,0912-10-27 02:28:01,7,9,5,6,3,4,6,2
speak,0815-04-20 19:06:56,2,7,2,4,1,8,6,9
especially,1907-02-22 07:44:39,8,8,3,2,6,7,4,6
actually,1248-10-11 19:06:00,4,4,4,4,3,1,7,6
but,1753-12-03 03:10:20,2,1,5,5,2,4,3,5
thus,1942-06-25 10:16:38,3,9,1,3,1,7,4,8
them,0418-05-08 22:41:10,1,9,3,6,4,3,2,7
sort,1982-03-02 00:43:19,8,9,5,2,4,2,2,2
baby,1928-11-26 21:34:26,7,9,9,4,8,9,2,5
happen,0956-10-13 07:05:21,6,2,2,4,6,8,5,3
force,1825-02-12 17:59:32,5,2,5,9,5,4,3,9
run,1395-06-09 03:26:05,1,2,2,1,3,5,8,6
main,0257-07-07 11:09:39,1,6,1,4,3,2,7,2
tonight,1603-11-16 04:24:44,1,3,3,5,7,8,2,9
glass,0013-07-15 05:27:58,7,3,4,8,9,7,1,9
whether,1586-04-19 14:15:25,5,3,5,5,9,6,4,3
necessary,1949-03-20 11:30:18,5,9,9,1,5,3,7,7
and,0955-10-07 12:00:34,3,1,9,1,3,7,8,7
worker,1416-01-23 13:07:28,8,2,7,3,3,1,6,3
forward,0282-06-13 09:19:08,8,6,8,4,9,1,4,4
need,1094-03-26 00:22:14,5,8,3,2,9,4,6,8
record,0819-10-16 17:11:20,3,9,2,9,9,3,6,4
Democrat,1777-04-10 18:16:01,1,8,7,3,7,7,4,6
whatever,1332-11-13 21:15:43,2,1,3,4,5,1,9,9
nor,1968-10-23 16:11:04,3,6,3,7,1,4,7,8
other,0909-01-19 16:08:16,5,5,6,7,4,1,8,2
race,1812-12-22 09:08:16,1,9,5,7,3,7,9,4
father,1996-10-07 05:18:49,8,6,7,4,1,5,5,7
life,1873-03-28 02:10:37,4,6,3,6,9,1,6,3
wife,0271-01-11 21:38:42,1,5,2,6,8,7,7,9
mouth,0407-03-27 23:12:49,7,7,3,6,5,6,7,1
month,0478-11-07 22:53:23,5,6,6,7,8,5,8,1
yourself,1686-02-24 15:18:22,6,4,6,2,6,7,7,4
direction,2015-12-09 02:48:59,8,2,3,7,1,7,8,9
measure,1141-01-22 09:56:41,4,9,4,5,2,4,8,7
less,0468-01-16 03:57:49,5,7,2,1,8,2,9,6
rich,0066-07-30 18:28:26,8,9,1,3,7,6,4,6
whole,1271-10-29 18:46:27,3,7,7,5,9,4,5,3
standard,0100-05-04 16:25:51,4,2,4,6,6,1,4,8
loss,1700-02-03 18:30:28,3,7,6,4,3,4,9,7
talk,0413-03-02 07:10:05,4,9,1,1,3,9,4,3
others,1524-04-07 22:50:41,9,7,2,1,3,8,8,1
capital,0930-06-19 20:46:04,4,3,3,4,8,2,9,7
president,0387-05-04 19:17:47,9,5,6,8,2,2,4,4
improve,0474-01-11 02:06:51,1,6,4,4,1,9,2,2
exist,0566-12-12 15:58:50,2,6,6,3,1,8,9,2
democratic,0930-03-29 13:36:27,8,7,6,6,6,3,6,7
world,1443-12-24 10:47:59,1,5,4,8,1,4,8,3
picture,0031-06-12 09:58:37,8,8,8,7,9,4,1,3
white,0269-06-17 22:58:42,9,3,1,6,9,7,5,1
yard,1044-03-13 10:11:52,4,8,1,8,2,4,3,1
return,2004-02-27 11:16:38,5,6,4,3,8,1,2,5
offer,1369-01-28 18:13:09,8,9,7,5,9,6,4,5
along,1972-10-13 03:44:51,1,1,7,9,6,1,6,4
candidate,1291-01-14 02:08:41,5,8,1,7,1,8,4,3
seat,0268-12-28 12:39:54,4,7,5,5,8,3,1,8
style,1768-08-15 23:38:29,3,9,7,4,1,1,2,3
agency,1007-04-29 18:41:02,8,9,4,9,8,6,2,8
six,1412-06-01 07:47:53,3,6,4,1,3,9,8,4
player,1212-02-20 13:50:53,2,7,4,7,5,6,3,7
why,0898-01-08 20:51:26,9,7,6,3,6,6,3,3
simple,1875-04-11 15:06:51,9,9,5,7,6,1,6,1
various,0626-09-07 15:47:36,5,5,2,1,7,7,6,2
resource,0928-10-14 19:28:48,5,1,7,9,7,4,6,3
pressure,0212-07-27 16:16:36,2,1,9,3,9,6,8,6
number,1662-07-30 20:52:47,8,4,7,4,1,3,3,9
although,1286-06-16 19:44:29,1,6,6,9,4,3,2,6
it,1894-12-12 13:56:40,7,1,7,4,2,1,5,9
those,1676-07-06 09:27:42,7,6,2,9,9,8,7,6
wish,0485-05-30 18:15:29,7,7,9,1,2,8,2,3
long,1191-09-04 01:27:29,8,9,3,8,2,1,3,5
argue,0867-08-16 02:03:26,1,4,7,5,7,2,9,2
provide,1414-04-04 19:14:14,1,1,9,8,4,6,6,8
personal,0230-03-11 06:01:38,2,6,2,2,2,3,6,7
have,1320-04-06 15:48:06,8,9,9,2,7,9,4,2
blood,1472-02-07 18:57:55,7,3,4,8,9,5,3,4
growth,1982-12-22 07:30:37,2,3,8,1,3,2,9,5
hear,1226-09-04 00:54:32,6,1,1,2,8,3,8,6
positive,0674-07-30 02:33:56,3,8,3,1,3,1,5,3
charge,1479-04-08 04:39:55,5,9,9,9,5,8,1,4
thing,1945-04-13 11:20:06,4,3,6,1,6,2,2,4
view,0273-02-20 16:37:34,2,9,9,7,4,6,6,2
him,1093-12-20 07:56:05,6,5,5,4,9,4,8,1
street,1211-01-22 02:05:22,3,6,7,8,3,2,4,2
four,0988-09-01 05:58:10,4,9,2,3,8,9,3,9
house,1991-02-13 09:38:59,6,1,9,5,3,2,8,5
increase,0219-05-20 02:40:37,8,6,7,7,5,9,5,7
issue,0380-01-03 02:32:50,2,2,8,3,3,2,2,6
per,1102-08-03 06:02:01,8,3,4,1,6,2,9,8
director,0256-08-23 16:11:29,6,6,1,5,9,2,2,9
nothing,0955-10-07 12:00:34,7,6,1,2,6,3,9,5
himself,1589-11-22 19:06:01,8,2,2,7,1,4,1,1
act,0413-12-02 20:09:45,9,4,4,6,1,2,7,6
activity,0945-01-27 12:25:59,8,3,7,8,6,5,9,5
the,0573-10-27 22:04:29,6,8,3,1,9,2,3,2
least,0953-07-31 12:39:20,2,8,5,8,4,5,9,8
community,0363-11-13 15:32:38,6,7,6,3,9,7,2,8
manager,0962-11-03 22:48:56,3,5,5,2,4,7,7,2
clearly,0171-02-15 12:04:05,3,6,4,4,2,6,5,7
business,0539-04-09 07:47:07,2,2,7,7,6,9,6,5
strategy,1227-12-09 10:56:14,7,8,5,7,6,4,7,4
special,1258-12-12 14:56:49,1,4,6,9,4,4,8,8
certainly,1741-11-16 09:56:04,7,5,2,8,5,4,4,9
indeed,0623-01-20 21:53:48,1,9,1,6,6,8,7,1
represent,0514-03-15 00:52:35,6,7,6,9,3,5,7,7
attorney,1046-08-22 21:41:30,3,7,6,5,2,8,5,7
cup,0811-12-06 15:33:41,8,3,1,7,4,2,6,6
heart,1404-06-03 13:55:22,8,6,8,3,2,7,2,4
society,0024-10-15 16:21:40,6,6,5,9,8,3,1,9
art,0007-02-03 05:28:31,6,2,1,7,4,8,6,1
can,1087-04-24 06:10:33,2,4,1,3,7,6,6,1
old,0343-07-01 13:31:27,7,8,1,4,9,8,5,3
claim,0289-06-12 14:41:44,8,9,4,6,6,3,5,9
wonder,1296-02-13 16:21:50,1,3,3,3,5,3,2,5
wait,1485-01-30 16:57:56,7,6,4,8,1,6,7,6
among,1695-07-15 06:54:30,6,4,5,2,6,8,7,8
test,1180-06-27 06:13:49,5,9,6,5,4,9,6,9
maybe,1781-02-01 19:04:59,3,3,7,6,1,9,6,9
like,1719-10-07 13:39:53,7,7,9,6,1,5,4,5
arrive,1809-07-24 06:57:45,2,8,5,5,7,3,6,4
understand,1054-07-19 05:41:50,3,9,7,9,7,9,9,5
discuss,1847-12-22 02:34:29,9,5,3,8,2,8,6,2
across,0349-09-23 12:55:30,9,3,7,7,3,2,4,1
security,0124-06-02 23:16:34,6,5,9,6,9,8,8,5
marriage,1445-01-15 21:38:39,8,2,6,2,5,8,5,2
night,0126-08-15 02:57:23,6,2,8,4,3,1,6,3
investment,0729-11-24 06:07:35,2,2,7,8,6,5,9,9
realize,1572-10-09 03:52:29,1,4,8,2,3,8,1,6
medical,1302-10-28 14:28:47,5,3,4,3,1,7,3,3
recently,1131-07-23 09:27:45,7,5,2,9,7,7,1,1
majority,0729-05-10 04:55:59,3,5,4,7,6,4,9,2
relationship,0608-12-25 23:45:58,6,4,8,7,7,2,7,7
sit,1240-04-07 18:15:22,7,1,8,5,7,8,1,6
let,0837-11-06 11:14:12,7,6,9,7,7,5,3,9
large,0945-01-27 12:25:59,7,8,3,4,1,5,1,8
near,0230-01-20 02:39:09,8,9,1,6,8,2,9,2
receive,0377-11-16 08:48:06,3,9,4,6,4,4,1,7
brother,0532-06-02 14:34:54,1,3,9,2,8,3,9,6
finish,1716-12-17 18:47:02,6,4,5,1,5,4,6,7
drop,0847-05-06 07:19:46,7,4,7,7,8,6,3,3
space,1906-11-07 12:59:18,7,9,4,9,4,7,8,3
executive,2006-11-10 09:03:50,6,5,5,1,8,2,6,9
leave,0399-11-29 23:26:43,4,3,9,9,3,2,4,5
responsibility,0329-09-17 16:47:40,2,9,9,4,6,5,6,5
between,0368-11-15 06:38:32,4,2,2,1,7,2,8,2
focus,1577-03-21 20:12:36,7,1,6,4,8,6,9,1
choose,0929-02-21 09:07:21,7,6,3,4,2,7,1,4
huge,0101-11-20 07:24:13,2,2,8,4,4,8,3,6
short,1242-02-27 18:25:09,3,4,5,1,4,2,5,1
sound,0900-06-16 15:35:29,2,5,1,5,5,9,4,2
bag,0525-02-14 10:19:54,3,5,3,6,4,5,1,8
health,1249-07-22 08:11:06,8,1,5,4,5,8,5,7
anyone,1735-06-20 19:23:51,4,5,1,5,2,8,4,8
now,1582-02-20 00:42:51,2,3,4,6,4,3,2,1
ability,0403-09-17 19:29:06,3,4,9,3,8,2,2,9
early,0557-06-15 01:52:36,6,7,7,6,6,3,5,8
citizen,0355-05-16 17:25:24,7,3,6,3,7,9,2,7
prove,0475-10-23 05:16:20,2,1,6,1,3,8,4,7
skill,1475-03-15 18:39:25,4,3,9,1,9,6,6,5
room,0453-02-18 03:59:51,6,6,7,1,1,8,2,7
time,0482-05-15 08:18:11,2,6,3,7,9,1,1,7
trip,0096-02-29 18:27:13,3,9,3,8,3,5,4,3
building,0914-09-09 08:31:45,1,6,7,7,2,4,7,6
statement,0893-12-29 23:23:11,9,2,8,7,4,1,1,6
newspaper,0481-03-17 20:29:18,4,1,8,5,1,8,6,2
see,1924-10-10 22:58:01,5,5,4,9,5,5,2,7
keep,0981-04-22 05:00:58,8,7,3,1,1,8,7,6
soon,1633-08-19 08:45:52,3,8,9,7,4,3,9,9
late,0736-06-16 06:49:42,2,2,7,1,3,5,8,2
foreign,0099-07-07 12:23:38,1,4,6,8,7,8,5,2
agreement,0867-08-16 02:03:26,1,4,2,5,6,4,8,1
list,0755-06-19 04:34:46,9,9,3,7,3,9,6,4
bed,0389-05-16 23:11:14,3,6,4,1,4,3,5,2
section,1073-04-28 08:20:39,7,4,4,6,1,7,4,7
yet,1475-03-15 18:39:25,2,2,6,5,7,7,1,4
drive,0245-05-13 08:23:26,2,2,6,7,9,3,9,3
he,0514-03-15 00:52:35,2,4,6,1,6,4,1,6
believe,0012-12-29 06:40:29,4,9,1,1,6,8,1,4
lot,1275-06-03 15:14:40,5,4,7,6,2,6,6,2
assume,1863-08-19 06:40:59,6,9,4,3,1,6,1,3
music,0783-06-12 19:48:57,9,6,4,3,6,6,4,7
serious,1932-03-31 20:56:52,2,5,5,3,6,6,8,9
animal,0471-12-14 21:46:52,9,6,7,5,3,5,5,7
she,0570-06-02 13:33:58,3,2,6,6,3,3,8,3
reduce,0185-10-10 16:05:38,6,9,3,2,8,9,6,9
performance,1486-03-02 06:19:14,2,5,9,7,2,5,9,4
particularly,0125-11-30 07:04:57,4,3,2,4,5,9,6,2
never,0073-08-12 08:55:21,9,5,1,9,4,6,4,8
second,0682-06-26 11:12:47,8,9,4,6,5,9,9,1
know,0851-11-08 21:51:25,7,1,9,9,3,3,6,7
suffer,0326-05-17 11:00:22,3,4,2,2,7,4,9,9
become,0880-10-18 12:38:41,8,5,2,4,3,4,6,8
board,1531-11-08 05:12:41,9,6,9,8,2,4,9,1
imagine,0888-09-13 19:42:40,8,7,3,9,5,1,2,7
key,0186-08-07 16:12:58,9,2,4,5,3,3,8,4
through,1130-03-19 23:35:25,2,3,5,1,6,4,4,1
officer,2004-02-27 11:16:38,8,3,1,9,4,9,9,3
attention,0923-08-22 12:07:10,2,1,6,5,3,5,1,1
sea,0204-07-28 11:23:21,6,9,3,7,4,4,5,7
program,0893-12-29 23:23:11,9,7,7,7,5,8,3,3
another,1060-06-20 11:38:42,1,2,6,1,8,2,6,9
close,0981-10-26 16:09:45,4,1,3,5,1,4,8,5
family,0413-12-02 20:09:45,4,7,1,1,8,4,5,9
trial,0456-06-28 21:52:38,2,5,9,8,6,9,6,6
fight,1794-09-03 23:12:11,9,2,4,6,6,9,8,7
author,1030-06-17 02:32:12,7,3,5,1,4,9,9,1
eye,1678-11-25 03:36:12,3,6,6,4,2,7,3,7
use,1352-10-03 03:51:56,7,7,4,2,6,3,2,8
book,1136-06-18 23:03:21,3,2,7,8,3,7,8,5
begin,1530-12-05 00:05:24,6,8,5,1,9,3,7,6
edge,0426-01-24 19:35:05,4,5,2,2,7,6,4,3
operation,0641-03-06 04:35:48,4,2,1,3,6,8,7,8
dream,0481-03-17 20:29:18,1,9,7,6,6,1,9,8
someone,1100-12-06 04:36:54,7,6,4,3,5,6,4,9
type,1193-09-16 07:39:31,2,5,5,6,2,2,3,1
several,0710-06-16 00:05:58,5,8,4,1,6,7,2,6
which,1609-02-03 02:37:31,1,6,3,7,7,1,4,4
Mr,1813-01-03 10:37:46,2,2,8,7,9,3,8,8
owner,0513-02-08 03:04:40,1,4,2,7,9,8,1,2
crime,0092-01-08 17:02:49,8,9,4,1,7,3,3,2
clear,1648-09-27 03:46:51,8,5,4,1,9,5,6,4
your,1985-09-18 12:17:21,8,4,2,7,6,4,4,8
bar,0691-01-21 04:55:03,3,1,6,4,9,5,2,1
wall,1323-08-24 07:38:43,1,2,2,7,1,4,2,7
fact,1436-03-08 22:39:16,3,1,1,5,8,1,6,3
difference,0029-04-07 19:26:04,5,2,4,3,7,2,6,8
with,1710-12-30 13:55:09,5,2,7,4,3,6,3,5
source,1904-06-02 16:38:17,2,6,5,9,5,6,2,9
sell,1788-03-25 03:06:25,3,3,6,3,4,4,7,7
wide,0211-12-05 17:27:56,8,3,5,6,2,1,7,3
all,1657-04-08 09:29:13,6,7,1,1,6,9,8,9
add,1070-08-18 03:35:02,9,4,1,4,7,5,5,9
upon,1555-05-02 22:32:38,7,5,3,4,4,1,7,9
cause,1254-01-25 13:19:58,9,8,3,3,8,6,6,3
fund,1007-02-11 16:26:16,8,1,2,9,2,2,7,2
determine,0063-11-13 17:10:33,2,1,1,2,5,1,4,1
think,0532-07-30 05:41:20,7,5,8,9,3,9,9,3
reveal,0680-12-01 09:29:00,9,3,7,9,4,4,9,3
voice,0586-08-07 21:33:16,3,7,4,7,2,6,3,1
during,1791-03-25 04:20:38,1,8,2,5,9,9,1,1
court,1289-07-01 14:28:42,6,8,7,4,4,5,3,2
evidence,1287-03-01 01:54:03,7,9,8,1,7,9,8,2
company,0089-10-14 12:35:50,1,5,8,5,9,6,4,8
staff,0718-12-08 04:03:49,3,8,6,4,5,4,1,8
quality,0190-11-07 10:02:27,8,8,1,5,7,9,5,2
event,0002-11-21 11:30:44,3,7,1,2,6,7,5,2
PM,0614-09-17 20:06:47,2,3,6,9,2,3,1,1
important,0305-04-27 16:53:32,8,9,6,4,2,7,3,8
none,0219-05-20 02:40:37,2,8,5,6,2,7,8,2
raise,1861-04-08 17:15:55,6,6,5,3,1,3,4,8
quickly,0856-01-18 00:11:29,5,2,7,8,4,4,4,2
message,1523-01-31 15:19:03,9,7,7,6,9,2,3,3
part,0119-04-13 14:19:03,9,4,4,9,1,2,6,8
international,1842-04-14 15:24:22,7,5,1,5,5,9,1,1
born,0556-06-21 20:40:10,5,1,7,6,7,9,4,4
lawyer,2000-02-23 09:49:16,6,6,1,5,2,5,9,5
ball,1200-07-12 00:26:08,5,9,2,3,2,2,5,8
participant,0873-06-09 18:12:01,8,2,6,1,7,9,2,4
nice,0852-03-08 22:10:57,4,8,4,1,5,7,8,1
they,0250-11-10 01:09:19,3,4,5,2,8,4,8,9
at,1256-10-20 23:21:25,7,8,9,1,3,4,9,4
move,0413-03-02 07:10:05,8,8,8,6,2,4,4,9
career,1869-07-22 02:44:41,3,8,6,5,5,1,1,6
without,0542-06-11 03:37:24,3,4,8,2,3,9,1,9
prepare,0614-02-12 10:22:38,2,2,5,9,5,1,9,5
possible,1652-09-29 11:35:50,7,8,3,3,4,2,8,4
future,0923-08-22 12:07:10,9,5,3,9,3,7,5,1
recent,1676-05-12 13:14:44,8,4,1,4,8,7,5,2
care,0587-10-19 01:34:47,8,8,5,1,5,3,8,1
real,0418-05-08 22:41:10,9,9,7,6,7,3,8,5
cell,1307-02-21 04:27:26,7,6,8,2,5,8,8,8
remain,1542-04-16 09:13:50,5,4,8,3,3,5,8,4
approach,1087-08-05 22:36:26,3,1,6,5,2,1,8,5
single,1258-10-26 18:44:32,9,9,5,6,2,8,5,7
would,1906-11-07 12:59:18,6,1,8,5,1,1,3,2
her,0849-05-01 01:59:13,5,6,3,4,6,4,7,6
tree,1324-04-24 11:17:36,9,4,7,3,2,6,1,3
if,0845-10-30 14:29:26,6,2,3,5,3,7,6,2
head,1011-09-16 11:30:25,2,3,8,2,1,6,5,8
base,1940-05-16 00:47:13,2,8,2,2,2,2,6,7
government,1656-06-02 04:06:25,1,3,7,4,3,3,2,2
sign,0876-01-13 08:39:56,3,4,8,5,3,2,9,2
affect,1753-12-03 03:10:20,2,6,9,5,2,3,5,4
teach,0048-05-05 19:31:34,5,4,3,3,6,9,8,8
write,0176-07-04 20:48:04,8,4,1,8,7,7,9,6
able,1352-07-13 14:51:39,4,9,5,9,7,6,2,4
billion,0943-12-04 04:52:37,5,6,9,3,8,3,1,5
scientist,1523-07-30 23:31:38,9,4,1,3,2,1,2,8
radio,0968-07-14 09:22:19,6,9,9,1,5,4,6,7
difficult,0923-08-06 19:43:48,3,7,4,2,4,4,8,1
last,0961-09-14 22:47:09,2,3,3,8,6,5,4,3
class,1115-06-16 06:26:16,7,3,4,7,9,1,3,7
back,1784-01-15 17:25:06,4,3,1,5,9,9,1,9
mean,1203-11-01 02:15:32,1,7,1,8,7,4,9,4
manage,1481-11-03 01:03:24,3,7,4,5,3,7,6,8
consumer,1760-03-10 09:24:26,3,8,7,4,1,6,2,7
outside,1689-01-12 22:03:08,7,4,7,6,7,9,8,5
couple,1096-09-06 20:13:31,2,8,6,5,7,6,1,4
level,0564-02-17 11:25:32,5,1,5,4,9,8,5,7
you,0612-06-21 14:39:01,2,6,7,3,2,9,6,5
air,0732-04-09 10:48:48,6,6,2,6,4,7,1,4
better,0628-12-26 00:07:06,8,2,4,5,7,5,8,8
this,1839-06-08 19:49:36,4,6,2,6,5,4,1,4
so,1620-03-26 10:46:10,3,6,6,1,5,3,5,9
answer,0583-08-29 05:26:49,6,8,4,2,1,7,6,5
walk,1716-05-19 18:18:46,6,5,9,8,7,9,9,6
contain,0665-09-04 23:12:46,3,7,8,3,1,6,6,1
politics,0232-03-15 08:47:47,3,8,6,4,1,9,2,9
strong,1906-11-07 12:59:18,6,6,5,9,8,7,5,7
Congress,0378-09-13 01:06:48,8,1,9,9,9,3,4,2
home,1848-07-25 01:27:22,7,1,9,9,1,8,1,5
nature,1194-06-03 02:31:40,9,7,7,4,1,3,3,7
describe,1724-09-04 21:17:09,6,3,9,6,5,2,7,5
drug,1033-05-03 19:16:13,4,1,2,2,7,7,6,9
foot,1272-12-01 22:33:48,3,9,2,7,5,3,2,8
course,1286-09-10 17:36:05,3,4,8,2,1,3,1,9
cover,1073-04-28 08:20:39,3,5,9,5,8,6,9,9
for,0568-01-02 08:09:04,2,5,3,3,6,8,5,8
sometimes,0283-06-28 19:44:32,8,9,8,2,1,5,2,2
woman,1827-04-10 08:14:41,5,8,1,6,9,2,2,2
where,0559-09-07 02:50:04,5,8,8,9,8,2,8,2
green,1427-04-07 09:44:38,5,9,3,8,9,2,1,1
relate,1443-12-24 10:47:59,8,3,7,5,1,9,2,2
next,0995-05-14 05:48:23,7,5,4,2,6,9,2,7
easy,0298-02-28 22:52:19,2,4,6,9,9,4,3,3
policy,0800-08-02 23:59:46,8,2,1,1,2,2,4,5
law,1502-06-30 02:56:24,7,3,1,6,9,4,2,9
film,0542-03-13 22:14:08,2,9,5,7,2,3,9,1
recognize,0399-08-11 14:01:44,7,9,6,9,4,3,1,6
week,1306-05-24 12:15:25,5,6,1,1,6,4,4,4
because,0332-04-19 15:00:52,4,2,3,5,4,2,2,8
new,1240-04-07 18:15:22,2,5,4,2,3,5,8,8
interest,1617-06-29 23:16:17,8,2,9,9,3,6,4,9
give,0576-12-27 12:43:49,8,2,6,3,6,9,9,9
design,1581-11-14 09:40:06,2,9,2,1,7,5,3,5
central,0409-11-27 20:41:14,7,7,7,5,8,4,9,4
agent,1369-01-28 18:13:09,8,5,6,5,7,2,3,6
free,1192-08-25 05:57:04,3,1,4,1,5,8,7,3
common,1817-02-03 09:32:58,4,5,6,1,8,7,1,9
inside,1296-05-10 18:41:53,2,4,6,3,7,2,9,5
take,1739-03-17 21:10:22,6,1,5,4,8,6,9,1
not,0747-09-27 12:11:40,6,7,6,7,8,5,3,8
control,1267-04-25 03:16:30,5,7,2,9,5,2,2,7
popular,0024-02-29 22:28:16,3,2,3,4,5,7,9,7
best,0034-11-11 16:11:37,7,4,8,5,4,4,7,9
hope,1729-06-02 18:35:30,5,5,1,5,1,6,1,1
kid,0685-09-09 00:42:19,8,1,2,4,6,1,2,9
general,0989-08-24 08:26:27,7,4,9,3,9,6,3,8
pass,1968-10-23 16:11:04,7,2,5,1,7,9,2,8
member,1332-11-13 21:15:43,8,8,9,7,8,8,8,7
kitchen,0173-06-20 09:28:21,2,3,4,8,3,5,9,5
material,0370-02-21 06:26:07,3,2,9,3,1,2,4,6
area,1075-08-29 14:33:41,4,8,5,1,6,1,5,5
ever,1410-07-19 05:03:38,3,1,6,9,6,4,2,8
movement,0343-07-01 13:31:27,9,7,3,5,6,8,4,4
arm,1428-06-02 01:16:12,8,7,3,3,2,1,5,4
hotel,1337-12-07 19:26:55,7,2,8,4,6,5,9,8
official,0352-10-22 05:00:17,4,9,5,6,4,1,8,1
hospital,0989-08-24 08:26:27,4,8,8,4,2,4,1,3
significant,1617-10-10 00:24:12,9,1,9,9,8,1,4,7
tend,1598-09-17 13:58:22,7,9,4,1,9,7,6,7
son,0286-03-21 03:18:51,4,3,3,7,8,5,7,4
both,1792-03-29 15:10:18,1,8,2,4,1,5,6,4
specific,1470-12-12 04:46:23,6,1,9,3,9,6,4,9
population,1590-10-15 15:16:51,5,3,6,9,4,4,1,3
visit,0444-09-04 21:00:05,8,7,2,9,2,5,5,8
these,1990-07-16 11:28:51,6,8,7,1,5,1,1,9
feel,1348-03-11 02:47:44,6,7,5,8,2,3,9,2
current,0190-01-31 04:07:31,3,5,3,4,7,2,7,2
truth,0294-02-17 08:40:15,1,7,6,1,5,1,1,7
either,1172-09-13 04:39:12,6,8,7,4,9,4,9,7
much,0631-08-23 13:14:31,8,8,1,8,9,7,5,2
reality,0635-07-27 05:16:44,8,3,8,4,2,8,9,1
method,1336-08-28 09:41:33,5,7,8,5,8,4,4,4
address,1957-06-29 21:45:09,9,1,7,5,1,3,7,8
us,0745-04-11 01:25:38,7,1,8,3,6,7,3,3
according,1985-03-29 01:13:30,4,4,9,5,2,5,4,5
tough,1008-07-07 23:42:23,7,4,5,7,7,1,7,7
day,1620-03-26 10:46:10,6,3,7,2,9,9,3,2
probably,1703-02-04 07:22:18,4,3,8,3,9,4,6,9
structure,0950-12-15 22:49:40,6,4,4,6,8,4,3,5
include,1293-10-10 05:31:40,6,8,1,3,4,1,6,3
support,1809-03-12 09:28:52,3,3,8,3,6,9,7,9
cultural,0923-05-18 06:51:06,9,8,8,4,9,8,3,5
word,0564-02-17 11:25:32,7,1,7,9,6,5,9,6
state,1087-04-24 06:10:33,2,7,1,4,3,8,4,9
consider,0457-06-11 07:01:00,8,9,7,8,5,5,4,7
light,0233-09-22 22:55:29,4,2,7,8,3,1,6,7
customer,0772-10-19 23:23:05,4,2,8,2,2,1,4,8
two,0026-01-15 10:51:00,7,6,6,1,5,1,6,6
apply,1305-08-29 09:46:01,1,1,4,1,1,3,4,5
deep,0394-09-28 01:50:01,2,2,9,4,9,5,6,7
still,1358-02-25 07:19:52,6,4,6,7,9,8,1,1
big,1993-04-07 16:14:33,4,8,9,7,3,7,2,2
rock,0872-06-21 17:26:11,7,1,9,8,2,3,9,9
will,0873-09-07 20:51:10,4,9,3,3,5,5,7,3
today,1323-03-11 11:42:04,5,1,3,4,7,9,9,9
church,1687-10-07 21:05:08,7,8,1,7,2,9,1,2
plant,1989-08-21 09:10:19,8,6,9,4,7,4,5,4
professional,0052-10-25 06:54:34,8,8,8,8,4,2,1,8
language,0018-08-13 16:57:01,5,2,3,5,1,8,6,7
bad,0352-10-22 05:00:17,5,9,5,7,6,4,4,4
left,1194-05-31 19:18:51,4,5,1,8,1,7,4,3
food,1353-05-24 21:27:55,1,3,5,1,4,2,1,6
nearly,1753-12-03 03:10:20,5,1,7,9,1,9,2,5
many,1419-06-30 22:28:49,5,3,6,4,9,9,9,9
economic,0509-05-21 07:40:50,8,9,8,6,8,9,5,8
indicate,1172-01-07 23:24:32,4,2,4,1,3,3,3,6
behind,0123-11-22 17:11:51,8,3,4,1,1,5,2,7
culture,0440-07-11 08:44:51,7,5,5,9,7,7,4,8
above,0737-10-08 11:11:08,4,9,4,2,2,6,7,5
degree,1311-03-04 21:38:20,6,8,6,4,6,4,2,5
listen,0632-09-05 12:01:18,6,1,1,1,4,6,7,5
matter,1445-01-30 18:40:41,3,6,6,9,5,1,9,5
face,0376-01-28 05:15:55,4,9,4,7,3,7,1,4
power,0291-06-13 05:32:27,9,1,4,1,8,8,1,6
produce,1540-02-18 13:43:16,8,6,1,1,9,7,7,4
coach,1641-08-09 04:40:13,5,9,9,6,4,9,5,4
win,0675-06-01 21:13:18,8,8,3,4,3,1,7,4
present,1713-03-22 22:27:47,3,3,9,3,1,6,3,1
already,1430-11-11 12:32:34,3,3,1,6,5,2,4,6
car,0302-08-29 02:52:11,4,6,6,5,1,2,3,4
mention,0587-10-19 01:34:47,1,5,1,3,4,7,6,8
admit,0613-03-25 23:27:11,9,6,6,1,6,1,6,2
stay,0291-10-09 21:28:55,4,3,5,7,5,5,4,2
item,0912-10-27 02:28:01,4,6,4,3,6,4,2,6
daughter,1785-03-04 04:51:22,3,4,2,4,5,2,6,5
color,0595-03-11 12:15:52,6,3,9,7,1,1,1,4
stand,1798-09-04 14:36:34,3,8,4,7,7,7,6,2
travel,1518-07-22 15:53:14,7,9,8,7,1,3,4,4
challenge,0701-04-11 02:07:50,6,4,3,9,6,8,2,8
condition,0393-07-31 09:04:52,9,6,9,9,9,8,8,3
bring,0625-10-21 19:29:40,5,3,6,2,1,4,6,6
adult,0687-10-28 09:27:44,3,5,5,8,7,5,8,5
find,0421-04-21 21:33:13,3,6,9,9,3,5,9,8
civil,1750-05-22 22:54:14,5,8,1,8,4,3,2,4
science,0529-08-22 01:39:06,1,2,2,2,3,6,3,3
rise,0940-10-02 03:46:34,7,1,2,3,3,4,4,5
production,0165-01-04 02:01:31,9,2,5,8,3,1,3,2
pick,0929-04-05 18:03:26,7,9,4,9,6,1,9,1
just,1633-08-19 08:45:52,4,2,4,8,6,1,1,8
somebody,0383-10-03 04:39:09,9,4,1,4,6,3,8,1
machine,0745-04-11 01:25:38,2,6,3,7,7,3,3,7
poor,0918-11-09 03:29:31,3,1,7,6,3,3,4,3
management,0966-09-23 07:17:19,6,5,2,8,1,1,1,3
case,0950-05-12 03:09:18,2,3,7,4,3,2,6,3
reflect,0269-06-17 22:58:42,9,4,1,4,5,2,1,3
fast,1761-01-15 02:27:44,7,7,3,1,1,2,7,7
factor,0636-05-25 21:05:22,5,3,7,9,2,6,4,6
oil,1633-08-19 08:45:52,6,3,2,8,9,2,7,6
catch,0438-10-17 09:18:05,5,8,8,7,9,1,1,1
body,0966-09-23 07:17:19,8,4,2,8,2,3,3,8
shoulder,0440-08-13 18:34:23,1,8,9,5,7,3,2,9
check,1817-11-24 06:56:06,1,2,6,4,5,8,4,3
every,0646-08-26 06:31:33,5,5,8,8,6,6,9,9
build,1249-07-22 08:11:06,2,2,5,6,6,1,7,8
cut,0943-12-04 04:52:37,3,5,4,1,8,1,8,9
door,0866-09-14 11:09:08,7,9,5,1,9,2,1,8
work,1531-02-04 08:47:46,7,6,3,9,5,8,9,6
tax,1193-02-17 22:05:54,6,4,1,8,4,3,4,6
hair,0458-12-18 23:16:57,5,6,7,2,5,3,3,8
financial,1711-08-08 13:32:15,2,5,2,5,2,2,3,1
range,0363-11-13 15:32:38,3,2,7,1,9,4,5,9
watch,1732-03-27 22:39:55,2,8,6,5,7,5,4,3
social,0152-07-11 15:11:16,3,9,3,5,6,3,9,9
election,0066-07-30 18:28:26,4,9,6,2,1,4,2,5
after,1311-01-08 15:38:16,6,7,7,7,5,4,8,2
into,0397-06-09 14:05:29,2,3,2,7,4,5,4,8
north,1863-08-29 07:43:11,9,8,2,3,6,3,2,1
field,1400-06-05 02:25:27,7,3,7,8,9,8,3,4
before,1878-05-13 13:35:13,9,1,3,6,4,5,7,5
story,1539-02-07 22:48:27,8,3,3,6,3,3,3,2
leader,0219-09-17 05:33:36,8,8,9,7,3,6,5,1
box,0996-12-04 12:11:08,3,5,4,3,6,7,2,5
decide,1509-10-29 07:08:06,4,4,5,9,4,8,3,6
hour,1544-03-26 16:25:20,4,8,4,7,1,3,4,5
institution,0050-03-30 07:47:25,1,8,6,6,7,2,4,5
water,0409-11-27 20:41:14,4,4,9,4,1,6,1,6
effect,1380-08-01 14:06:34,7,4,3,6,5,4,4,3
age,0106-02-20 14:11:23,6,6,4,3,1,8,1,3
dark,0988-09-01 05:58:10,5,8,8,1,2,1,1,7
southern,0150-11-20 07:09:30,9,9,8,7,2,1,1,4
position,1228-01-01 18:41:49,8,9,8,4,3,1,4,6
hard,0704-06-23 07:14:15,8,2,7,6,3,4,2,1
federal,0492-12-23 14:51:54,8,2,5,6,1,9,9,9
office,1134-11-12 14:35:35,8,7,6,9,5,4,2,7
safe,1719-10-07 13:39:53,4,2,7,7,9,6,6,6
expert,1515-02-03 03:37:09,5,1,1,7,7,9,4,4
writer,0923-08-22 12:07:10,9,3,4,1,8,6,6,4
sport,0583-08-29 05:26:49,3,1,4,2,1,5,9,8
defense,0300-09-04 22:55:31,2,8,1,6,9,9,2,5
result,0439-10-08 23:26:38,6,8,8,5,7,5,5,5
study,0203-09-24 15:17:57,8,5,5,4,3,4,3,1
effort,1567-04-23 17:26:04,8,4,3,5,2,9,4,1
herself,0126-07-22 19:19:42,1,4,2,8,8,8,9,6
in,1585-04-29 04:06:19,6,6,3,7,8,6,2,4
floor,0366-05-19 14:20:46,5,7,6,8,3,8,1,5
show,1133-02-20 16:51:38,9,9,1,1,4,1,8,3
man,1860-09-12 12:29:48,7,5,8,1,6,8,3,3
miss,1582-02-20 00:42:51,3,5,6,8,7,1,1,7
small,0810-08-18 09:22:36,3,5,8,1,9,9,2,3
rather,1437-12-12 21:22:45,5,5,7,8,6,3,4,7
fine,1785-03-04 04:51:22,6,3,5,6,8,9,1,1
enough,1268-10-26 04:50:11,6,9,5,7,1,6,4,2
dog,0968-01-19 15:47:44,9,4,4,4,8,7,8,6
perform,1221-07-18 19:26:05,9,5,3,3,7,9,7,5
seek,0590-06-02 02:04:42,4,9,7,6,8,3,9,6
likely,1614-10-06 05:37:51,6,7,4,8,6,2,6,2
soldier,0306-08-29 16:12:48,9,2,4,3,6,4,9,5
painting,0404-01-28 13:24:30,4,5,4,2,5,5,2,5
by,1248-06-19 18:24:45,7,2,3,6,7,8,9,9
cost,2013-10-03 12:22:14,6,9,8,8,3,3,8,5
front,0614-03-11 14:41:10,6,6,4,1,2,5,7,4
husband,1169-10-10 05:05:16,1,6,2,3,8,6,2,5
explain,0680-09-05 21:03:36,4,1,5,3,8,6,5,5
century,0772-10-15 03:52:33,7,4,6,3,8,5,2,4
TV,2015-12-09 02:48:59,1,6,1,2,5,2,8,9
individual,0961-09-14 22:47:09,3,2,1,5,7,9,9,8
including,1798-11-12 12:05:22,3,1,6,1,9,3,2,4
country,1853-02-21 09:10:42,8,2,5,7,6,4,4,7
start,1327-11-17 08:02:59,2,5,4,7,6,4,2,7
one,1587-02-06 07:19:30,5,1,8,8,2,6,1,8
network,0602-12-08 19:40:12,6,5,6,7,7,8,6,3
past,0950-12-15 22:49:40,7,4,4,2,2,2,4,1
former,1108-02-13 22:06:04,3,3,6,9,3,7,2,9
point,0711-07-23 15:44:28,6,5,3,5,7,5,9,5
avoid,0828-02-13 21:30:58,4,7,1,9,7,7,6,5
trouble,0233-07-08 03:07:12,5,6,6,4,3,8,8,6
project,1134-11-12 14:35:35,2,1,4,9,9,1,4,4
sure,0379-06-08 12:15:53,1,2,9,1,4,7,9,5
education,1129-11-22 23:17:43,4,4,9,1,4,1,2,8
compare,1653-08-08 03:57:05,6,3,8,5,2,5,1,4
land,0738-03-01 05:39:35,5,8,7,6,5,6,8,1
plan,0439-03-23 09:48:46,5,5,3,9,2,5,6,6
moment,0376-07-10 09:52:35,9,2,8,9,7,9,3,4
entire,1647-01-05 23:32:12,9,8,7,8,5,3,8,8
I,1617-10-10 00:24:12,5,8,5,7,5,5,5,3
step,1983-08-06 07:09:34,7,5,7,1,4,6,8,3
city,0913-01-04 23:25:59,9,4,7,4,9,6,6,2
we,0607-04-02 12:10:57,8,2,1,4,3,5,6,2
full,1917-06-11 18:34:58,8,4,8,6,7,5,9,5
from,1516-02-01 20:26:16,7,1,7,7,4,1,1,8
together,1226-09-10 14:47:20,1,4,1,5,2,4,7,5
go,1030-05-20 21:20:28,9,7,9,6,4,7,1,3
account,0475-10-23 05:16:20,3,7,9,2,9,7,1,5
throw,1139-01-07 03:13:13,3,8,6,6,7,5,6,8
page,0365-08-29 23:31:27,5,2,3,1,3,4,5,6
worry,0691-07-18 12:55:39,7,8,2,3,7,1,7,9
fear,0666-04-03 17:40:12,9,5,7,2,2,7,4,4
particular,1227-12-09 10:56:14,7,2,8,8,8,9,6,2
appear,1932-07-13 12:19:59,2,1,2,1,7,6,2,1
onto,1146-09-28 04:28:20,9,1,8,9,3,1,7,1
image,1809-03-12 09:28:52,9,5,4,7,4,9,7,4
system,1293-01-21 13:34:51,2,3,1,6,2,3,3,2
require,1030-06-17 02:32:12,9,4,5,6,5,5,1,9
reason,0986-01-26 00:21:46,2,8,7,6,6,1,6,8
girl,1024-07-29 22:41:14,8,8,7,7,3,5,8,7
allow,1881-12-18 05:02:01,7,3,3,7,5,8,7,7
stock,0995-05-14 05:48:23,4,5,6,2,4,8,5,9
skin,1396-10-01 19:17:50,3,2,9,5,9,7,7,9
some,1181-12-10 19:51:37,3,7,5,8,6,1,9,2
wrong,0341-11-03 08:54:26,1,8,5,5,8,2,4,4
camera,0793-05-24 19:06:36,5,4,4,4,8,4,7,5
physical,0669-11-08 07:43:51,3,8,9,1,1,1,3,3
television,1632-08-13 16:38:11,7,4,7,7,7,1,2,8
under,0684-07-19 03:12:54,8,2,8,1,8,4,2,4
question,0474-03-21 18:32:13,2,6,6,4,7,5,8,5
three,0947-08-07 14:39:49,1,1,3,3,4,9,7,1
very,1040-02-15 11:05:45,8,9,8,4,6,9,2,7
anything,0123-07-22 14:38:50,2,1,7,1,2,7,8,4
bank,1446-01-30 01:34:28,7,1,6,5,8,3,2,6
down,1135-01-12 19:52:13,1,2,6,7,4,1,1,6
garden,1361-02-02 12:11:40,8,3,2,2,4,9,2,1
lead,0832-01-16 22:51:16,8,1,9,4,8,3,7,6
media,1192-02-11 15:19:41,6,6,3,6,7,3,5,9
shake,1781-10-08 17:53:41,6,8,5,5,6,4,9,2
firm,1296-02-13 16:21:50,5,7,7,5,5,5,6,8
child,1817-02-03 09:32:58,6,2,1,7,6,2,1,8
interview,1659-06-22 12:40:25,7,5,4,8,3,6,5,4
administration,1300-08-01 13:52:07,3,8,8,8,8,3,3,1
national,1691-12-30 16:02:09,5,8,8,3,4,5,9,1
process,0170-09-12 14:03:41,2,7,1,6,9,5,6,5
accept,0354-10-03 02:01:50,4,1,1,5,6,3,5,3
Republican,0212-05-16 19:42:41,6,5,7,5,7,4,7,2
might,1662-09-16 21:53:14,3,1,4,6,1,3,5,1
meet,1960-09-07 03:23:57,9,7,7,7,5,7,3,8
throughout,0417-05-07 11:32:32,2,6,4,9,2,1,4,3
everybody,0945-01-27 12:25:59,3,2,8,5,3,3,9,8
also,1803-03-22 03:00:39,8,7,3,7,5,8,3,7
create,0542-01-04 19:09:19,7,1,2,2,6,4,8,9
surface,0277-02-08 05:39:21,5,9,6,6,5,7,2,2
generation,1485-03-31 02:31:38,8,1,6,3,5,7,7,6
model,0947-03-08 08:41:03,2,6,4,9,6,9,1,5
attack,0082-05-02 06:11:03,1,2,4,6,4,8,1,7
service,1877-06-30 10:04:50,5,1,3,1,8,9,2,2
note,0222-06-14 13:31:28,3,2,8,3,3,7,6,2
break,1018-10-07 17:55:14,9,1,2,8,3,8,2,1
conference,1454-07-26 04:33:47,6,3,1,3,2,8,1,4
money,1526-08-04 01:51:18,8,1,6,2,7,1,8,5
grow,0963-05-31 12:14:57,2,8,9,3,8,6,2,2
human,1696-10-23 00:33:09,4,5,2,2,5,4,8,4
detail,1485-03-31 02:31:38,5,7,4,2,9,4,4,2
environment,0070-05-23 00:08:39,7,9,9,3,4,3,7,4
put,0685-05-21 17:22:51,7,5,4,1,5,7,2,6
suggest,1275-06-03 15:14:40,2,2,2,5,9,6,5,8
debate,1311-04-16 05:50:31,4,1,7,4,6,3,4,7
be,0955-10-07 12:00:34,8,7,9,1,5,9,2,4
make,1412-09-26 19:24:39,6,4,1,2,7,2,5,4
doctor,1193-09-16 07:39:31,2,9,3,9,4,8,5,4
quite,0431-10-28 13:17:48,7,5,1,8,4,1,7,7
ago,1333-06-06 13:04:24,2,2,8,9,8,9,8,1
ten,0213-12-05 15:55:46,6,3,1,5,3,3,1,5
deal,1817-05-24 16:26:46,1,3,2,9,9,6,8,5
major,0998-11-15 08:34:18,6,6,7,3,8,2,6,7
opportunity,0511-11-24 01:28:55,4,1,2,3,7,7,5,1
heavy,0167-03-16 20:04:00,2,4,5,5,4,8,1,5
my,0378-09-10 13:27:28,2,2,7,4,2,2,9,6
dinner,0288-12-10 07:26:04,9,8,8,1,9,6,9,4
training,1443-11-26 00:30:49,2,9,9,3,3,4,1,7
economy,1033-04-04 12:47:17,1,2,3,1,7,4,6,5
morning,0794-10-12 14:50:26,6,9,1,6,7,3,6,5
alone,0151-05-03 23:25:59,7,4,8,5,9,5,3,4
whose,0474-03-21 18:32:13,3,9,7,6,8,2,1,3
send,0423-05-04 02:41:45,6,7,8,7,6,4,4,5
say,0060-04-10 00:55:33,2,8,3,5,5,2,4,8
speech,0636-09-04 05:55:58,7,7,2,8,9,1,5,6
party,0005-02-23 10:05:58,3,2,9,6,7,2,9,5
share,1695-02-20 01:02:11,4,9,9,6,5,7,5,7
stuff,1697-11-01 23:37:14,7,2,9,4,6,4,4,3
sense,0253-07-02 00:07:19,1,3,9,4,5,5,1,4
unit,1941-08-18 09:14:44,3,9,1,4,5,4,4,5
whom,0877-03-28 08:05:52,4,9,7,5,6,2,7,1
fall,0746-05-05 23:17:25,8,8,6,4,1,9,8,3
cold,1875-02-23 13:23:13,9,3,9,5,3,5,4,8
red,1649-04-30 13:48:02,2,8,3,3,6,2,9,3
reach,1104-05-19 10:21:50,5,3,5,9,6,4,5,2
game,0610-04-25 23:21:22,3,5,2,2,9,9,4,2
kind,1742-08-07 08:12:21,3,5,4,9,8,3,3,6
far,0789-06-07 11:15:39,1,1,2,9,9,7,6,3
always,1856-03-18 08:57:36,1,7,8,5,8,1,8,6
budget,1378-05-08 16:17:19,6,4,1,4,3,9,3,8
more,1721-05-20 12:40:51,6,8,5,3,7,2,5,2
guy,1356-10-01 03:53:37,7,6,7,2,9,4,4,6
third,0867-08-16 02:03:26,5,6,7,3,8,5,5,3
south,1474-01-12 21:41:48,4,9,8,1,8,5,7,6
price,0513-04-14 22:31:10,8,5,8,2,3,9,6,4
trade,0809-04-12 16:25:05,2,5,8,2,2,7,1,3
form,0669-11-08 07:43:51,5,3,4,4,4,4,9,5
data,0660-04-30 21:56:49,6,3,2,3,1,5,2,1
thought,1858-09-03 14:34:44,9,5,8,9,8,2,2,8
product,0029-11-12 15:25:12,8,9,2,7,8,3,7,1
do,0573-08-18 22:46:39,7,7,4,5,1,7,2,2
rate,1311-01-08 15:38:16,1,4,9,6,3,9,7,3
peace,1124-09-16 17:11:51,2,5,3,9,5,6,7,3
what,0694-05-15 06:06:03,6,6,3,2,7,6,2,2
vote,1342-12-24 09:32:38,7,1,9,9,8,6,2,8
window,0029-11-12 15:25:12,9,4,3,7,1,5,8,6
line,1135-01-20 19:09:42,8,7,1,8,7,1,5,9
option,0266-07-11 23:51:46,7,7,6,2,5,2,1,1
professor,1861-04-08 17:15:55,2,2,6,5,4,9,1,7
hit,0885-08-18 17:21:29,4,8,3,5,2,7,6,6
ahead,0710-05-27 23:48:54,6,3,7,3,6,9,8,8
idea,1912-01-02 14:10:22,8,9,6,1,5,4,6,9
change,1247-12-24 20:20:22,1,6,4,6,1,1,2,3
laugh,1189-08-23 11:54:27,4,8,7,4,8,1,7,3
total,1257-03-19 06:02:17,9,4,9,1,2,9,9,1
usually,1526-08-04 01:51:18,2,3,9,3,1,8,3,6
analysis,0320-11-24 16:23:05,1,1,7,6,3,4,2,5
pull,0657-05-21 18:57:58,8,4,8,8,2,6,4,8
weight,0481-03-17 20:29:18,8,4,5,2,3,9,6,5
within,0900-06-16 15:35:29,2,3,1,2,7,3,7,3
mind,0119-05-11 19:48:31,1,9,1,4,6,2,7,6
beautiful,0760-01-06 12:55:07,4,4,9,6,7,9,7,8
save,1627-01-20 22:55:53,7,6,2,4,2,1,8,1
top,0578-07-29 07:49:34,6,2,7,8,1,8,3,1
read,1506-11-07 17:50:28,8,7,5,4,3,6,4,2
series,0421-03-28 22:35:01,6,5,3,9,4,3,3,9
store,1353-01-03 18:01:56,6,5,4,1,2,2,5,8
behavior,1838-05-22 10:26:21,5,6,2,4,2,4,6,8
any,0583-08-29 05:26:49,2,6,5,5,5,4,8,3
interesting,0710-06-20 13:56:43,6,4,3,7,9,5,6,8
similar,1256-09-27 16:15:49,7,7,6,4,2,5,7,5
who,1007-04-29 18:41:02,6,6,4,1,5,8,9,9
spend,0151-02-01 01:34:21,3,4,8,7,3,1,4,5
must,1368-08-29 17:43:34,4,4,9,9,4,6,6,3
final,1206-08-26 04:00:45,1,1,9,7,7,1,1,1
artist,0591-07-21 03:58:43,1,5,4,4,8,5,6,1
score,0784-11-12 07:31:20,6,7,4,8,3,4,9,5
ground,1695-06-20 03:17:00,8,7,4,1,7,8,6,3
fish,1818-12-06 13:47:02,5,1,4,9,3,9,1,5
war,1871-04-01 05:11:24,9,3,1,9,7,3,1,5
natural,1657-04-08 09:29:13,6,8,3,4,6,4,8,1
no,0478-10-26 12:32:12,3,9,9,6,4,8,5,1
itself,0328-06-18 17:47:53,2,8,7,3,6,5,2,4
report,1145-01-22 10:15:15,3,5,7,6,8,3,3,4
choice,1430-11-11 12:32:34,5,4,3,8,8,3,2,4
lose,0956-11-11 22:31:31,4,7,1,5,3,9,5,1
draw,0468-05-11 04:40:36,8,4,7,5,6,2,1,3
name,0726-09-01 19:53:40,5,4,1,7,1,8,9,8
order,0598-04-17 08:47:24,8,7,3,9,5,5,8,6
action,0567-08-13 06:50:31,5,1,1,6,1,1,9,7
establish,1513-12-21 00:28:17,5,5,3,4,5,2,7,7
follow,1317-03-21 13:21:10,1,1,5,4,5,2,3,4
fire,0580-02-13 07:41:44,2,9,9,5,3,4,5,5
well,0010-06-26 20:42:23,9,2,9,9,1,7,8,2
else,1933-05-09 09:16:15,6,1,6,1,8,1,2,7
that,1922-08-28 19:53:50,2,6,7,1,8,2,6,9
subject,1972-10-13 03:44:51,7,4,1,8,6,2,6,4
try,0376-01-20 04:22:15,2,3,5,8,3,2,6,4
each,1400-05-04 01:33:04,7,3,6,4,3,2,4,9
rule,1069-01-08 03:36:41,3,2,1,3,6,5,3,2
audience,1192-02-11 15:19:41,4,6,7,3,1,1,5,9
minute,1785-01-15 09:19:11,2,8,7,3,6,7,8,2
enter,1632-08-13 16:38:11,3,3,2,7,5,3,7,6
experience,1886-06-04 12:15:30,9,3,7,6,4,3,7,4
half,1676-11-06 12:54:53,3,6,3,5,7,1,9,5
evening,1563-09-04 07:00:31,7,7,7,3,4,5,4,5
successful,0634-07-16 00:37:24,2,1,4,4,7,4,2,7
there,1886-03-18 23:01:22,6,7,9,1,5,1,4,8
seven,1499-05-07 23:54:47,3,9,6,9,3,3,3,2
its,1228-08-26 21:35:57,1,3,4,8,9,1,8,4
his,2002-08-29 15:41:09,4,8,4,7,2,5,5,6
develop,0908-06-29 21:47:03,7,1,1,2,1,2,1,7
way,0315-09-19 13:13:38,2,8,4,8,5,2,6,4
toward,0849-08-09 10:59:45,5,4,2,6,4,6,5,5
serve,1312-01-28 05:44:13,5,2,5,4,6,3,1,5
million,0094-10-23 12:40:15,6,9,7,8,1,9,3,8
meeting,1224-10-02 15:24:17,7,9,5,1,7,9,9,3
identify,1217-04-16 12:37:18,5,3,7,4,6,2,7,2
pay,0867-08-16 02:03:26,3,7,9,5,6,8,3,5
card,0843-11-29 08:35:24,3,6,6,8,8,3,6,2
gun,1957-04-04 01:03:06,3,7,4,8,3,8,2,6
practice,1948-07-17 08:45:40,3,8,8,5,4,8,5,6
low,1369-01-03 21:05:48,4,3,8,1,6,3,3,2
chair,0413-12-02 20:09:45,3,9,2,6,4,5,5,7
memory,0387-05-04 19:17:47,3,7,4,8,4,1,8,9
response,1665-01-19 15:58:48,5,5,6,1,9,9,4,3
station,0053-06-07 17:07:08,9,7,9,7,6,4,6,2
on,1505-06-19 20:14:46,8,5,7,4,3,6,8,7
benefit,0924-10-18 06:59:11,8,9,2,6,3,6,9,2
traditional,1535-01-24 18:09:05,8,3,7,4,9,5,2,8
of,1852-05-24 05:53:05,1,1,7,3,9,3,6,2
their,1897-06-25 13:21:40,2,2,8,4,8,9,8,3
get,0764-06-25 00:13:54,4,8,5,4,6,2,9,9
beyond,0211-12-05 17:27:56,7,1,2,8,8,2,3,7
almost,1742-11-01 23:00:58,9,9,8,8,9,5,3,5
fill,0009-03-13 01:55:48,4,4,8,6,1,8,7,4
lay,0523-05-26 10:54:50,1,8,3,1,2,4,7,1
over,1007-04-12 13:07:28,3,8,8,1,2,5,5,8
term,0937-07-05 13:07:19,3,9,7,2,5,6,1,9
feeling,0389-05-09 15:56:23,9,5,1,5,5,6,9,2
town,0041-06-10 14:50:29,6,9,1,5,8,5,5,3
right,0512-02-20 03:57:57,6,2,4,2,7,8,5,8
notice,1540-05-14 12:28:02,3,6,7,9,2,9,2,7
themselves,0295-09-23 16:03:22,3,4,7,9,9,2,5,3
beat,1447-08-06 19:11:10,7,9,6,8,1,4,6,5
bill,0914-04-06 09:44:33,8,3,1,7,8,1,7,4
property,0288-12-10 07:26:04,2,6,5,1,1,2,1,3
carry,1916-07-08 03:36:40,6,8,1,7,4,9,2,3
maintain,1933-05-09 09:16:15,9,7,5,6,1,9,8,5
end,0259-04-18 16:12:43,9,6,7,3,5,9,2,3
local,0895-12-17 07:06:55,9,9,9,1,6,9,7,1
campaign,0969-04-06 15:32:05,1,7,4,4,8,7,9,3
stop,1465-04-01 07:52:44,9,5,9,7,9,2,2,6
away,1557-12-27 06:24:40,6,3,8,4,9,1,5,2
few,1033-06-18 12:40:27,4,8,3,4,2,7,7,6
senior,0427-10-19 04:56:49,9,2,9,8,5,4,6,6
help,0512-02-20 03:57:57,7,9,2,9,5,7,4,4
enjoy,0347-05-18 12:15:41,1,7,9,1,6,8,7,2
partner,0167-12-13 13:35:03,8,9,5,3,4,3,5,7
most,1995-03-27 12:08:33,8,8,6,9,7,2,2,8
me,0278-11-07 06:30:01,2,8,3,1,7,8,4,3
sister,0817-08-31 22:23:29,3,3,7,2,1,9,1,7
treatment,0943-12-04 04:52:37,8,3,8,8,7,3,9,4
road,1988-06-19 11:44:16,1,7,5,3,7,8,9,6
little,0955-11-20 08:17:29,8,6,1,5,9,8,2,9
happy,1239-06-14 08:33:59,4,1,4,6,7,2,6,7
market,0729-08-26 17:54:01,8,7,6,8,6,3,6,2
mother,1566-08-25 03:37:06,4,3,3,2,8,1,6,9
however,0632-09-05 12:01:18,9,3,8,9,3,5,5,9
magazine,1485-01-30 16:57:56,6,5,4,8,6,4,2,5
while,1617-05-12 01:52:38,8,4,4,3,8,3,3,4
suddenly,1552-10-05 16:41:57,4,6,3,3,3,7,3,4
since,1239-04-17 15:10:45,7,5,6,6,3,6,3,6
middle,0287-08-21 22:50:33,9,3,1,6,9,2,1,8
join,1262-05-05 13:41:40,4,2,8,4,4,3,4,8
wind,0197-07-07 22:02:06,7,5,2,6,5,1,5,7
available,1732-06-22 22:22:54,1,7,1,2,1,2,8,6
gas,0308-07-29 14:03:55,8,2,2,3,4,8,7,4
until,0575-02-26 13:58:48,4,9,5,6,4,6,2,1
high,0668-07-08 21:39:18,7,9,1,3,9,5,8,6
young,0977-04-21 16:15:36,7,4,1,2,7,2,5,6
job,1171-02-17 02:42:59,3,3,7,4,1,8,3,6
character,1022-05-11 11:10:26,9,6,7,8,9,5,5,2
though,0937-07-05 13:07:19,7,3,2,8,5,9,9,9
continue,1276-12-14 05:49:51,6,4,2,7,1,8,2,9
size,1837-12-17 08:39:06,9,7,3,4,5,9,7,5
ask,0174-02-21 15:19:12,3,6,6,2,4,6,3,6
leg,2014-09-19 22:54:49,6,7,7,5,2,1,9,5
expect,0617-03-03 07:25:34,8,8,4,7,5,2,2,1
involve,1563-09-04 07:00:31,1,3,4,7,1,1,4,5
finally,0536-04-30 23:49:43,1,2,7,9,6,1,1,5
rest,1877-08-12 17:26:59,2,5,7,5,7,6,2,7
buy,1454-07-26 04:33:47,1,3,1,5,5,6,3,7
blue,0106-10-17 12:00:20,1,7,8,5,9,3,5,8
western,1948-07-17 08:45:40,4,2,4,3,9,6,6,4
around,1420-09-05 15:50:34,7,7,6,7,6,3,4,6
too,0807-09-21 21:29:42,7,7,1,6,1,5,2,4
nation,1062-12-09 06:17:01,4,1,2,4,5,7,4,1
want,0360-09-13 23:51:21,4,2,9,6,7,1,2,6
open,1206-08-26 04:00:45,5,7,2,8,9,5,2,3
how,1715-11-20 03:58:48,6,8,1,8,1,1,2,6
success,1740-01-04 16:26:57,5,2,5,9,2,4,9,6
student,0034-11-11 16:11:37,7,3,9,3,1,5,9,7
really,1366-03-14 03:47:56,8,6,7,1,3,3,6,1
to,0602-12-08 19:40:12,2,7,8,6,4,7,8,5
summer,1999-08-26 05:29:26,8,2,6,4,7,3,6,7
yes,0310-07-11 22:25:37,4,6,9,9,6,9,4,4
up,1089-10-03 20:27:53,4,1,5,7,1,9,2,2
learn,1116-07-10 11:58:35,4,2,1,1,3,9,9,8
task,1714-05-15 09:53:26,8,4,5,4,4,7,5,6
military,0729-05-10 04:55:59,4,9,9,7,7,2,8,6
letter,1412-06-01 07:47:53,2,3,1,3,7,9,1,1
discussion,1630-07-24 13:02:15,7,2,5,7,9,5,5,9
agree,1251-08-13 21:57:09,7,9,1,7,6,3,8,9
certain,1702-11-04 00:57:34,3,3,5,3,4,5,8,7
as,1306-04-20 16:44:47,1,5,1,1,6,2,8,9
